problem_id,trajectory_position,row_in_problem,score,delta_J,y,mask,pos,probe_type
317,5,5,0.11224846800258946,1.931214226616753,0,0.5714285714285714,0.5625,struct
138,6,0,0.13192703180104165,-7.328564251640014,1,0.7142857142857143,0.0,struct
138,6,1,0.1343061559218422,2.900511932373046,0,0.4,0.375,struct
138,6,2,0.17221275542912287,2.6307584762573235,0,0.3333333333333333,0.0,struct
138,6,3,0.1270217887484637,4.553344090779618,0,0.5,0.5,struct
138,6,4,0.14098995087650618,6.917232036590576,0,0.7142857142857143,0.0,struct
138,6,5,0.13596435178060481,6.867807865142822,0,0.7142857142857143,0.125,struct
138,6,6,0.1448369937985203,13.93331241607666,0,0.75,0.0,struct
138,6,7,0.10370544282304081,6.944047927856445,0,0.6666666666666666,0.625,struct
138,6,8,0.1428104151264739,-17.086296131710206,1,0.6,0.0,struct
475,7,0,0.09563090835387254,5.111765225728355,0,0.75,0.5,struct
475,7,1,0.11640306971205179,6.800000190734863,0,0.8571428571428571,0.125,struct
475,7,2,0.1671052201198039,7.127744197845459,0,0.4,0.0,struct
475,7,3,0.14468789618343264,14.400192260742188,0,0.625,0.0,struct
475,7,4,0.13624937570236997,7.47983980178833,0,0.75,0.0,struct
475,7,5,0.14681116143342235,-25.37675153863217,1,0.7142857142857143,0.0,struct
475,7,6,0.16093269865705942,5.393119812011719,0,0.6666666666666666,0.0,struct
493,8,0,0.19899157310094373,1.939209120614187,0,0.1428571428571428,0.0,floor
121,9,0,0.1799053994676948,-5.114387445151806,1,0.5,0.0,struct
184,10,0,0.1671463080598882,4.454997380574547,0,0.4285714285714285,0.125,struct
184,10,1,0.11470226967177621,4.536149342854813,0,0.6666666666666666,0.625,struct
184,10,2,0.14554848775420692,13.953344345092772,0,0.6666666666666666,0.25,struct
184,10,3,0.16294057232669518,2.381514708201088,0,0.25,0.5,floor
184,10,4,0.1792473681142152,-1.279814788805588,1,0.3333333333333333,0.25,struct
184,10,5,0.13623382766724407,7.365888118743896,0,0.8,0.375,struct
184,10,6,0.16250180129591274,-21.63978659808636,1,0.8571428571428571,0.125,struct
184,10,7,0.19837180927559253,-29.42895066924393,1,0.8,0.0,struct
184,10,8,0.26554872749652497,1.9083000421524048,0,0.375,0.0,struct
184,10,9,0.26006631247029477,15.646559715270996,0,0.8,0.0,struct
184,10,10,0.2899287376932838,-2.5063453347954336,1,0.375,0.0,struct
147,11,0,0.21517068653473206,6.543344020843506,0,0.5,0.5,struct
147,11,1,0.2975943363359065,-17.7313738061736,1,0.4,0.0,struct
147,11,2,0.2744916736211538,7.188591957092285,0,0.5,0.0,struct
147,11,3,0.31890526556757737,15.033087730407717,0,0.2857142857142857,0.0,struct
8,12,0,0.30694032363647483,7.5552802085876465,0,0.875,0.0,struct
8,12,1,0.32586158590898506,13.088959693908691,0,0.3333333333333333,0.0,struct
8,12,2,0.24931182212855776,4.375967979431149,0,0.5,0.5,struct
8,12,3,0.3099537608749918,2.259984016418457,0,0.125,0.0,floor
424,13,0,0.28599129709446086,2.6319871902465835,0,0.8333333333333334,0.0,struct
424,13,1,0.27905537197015745,4.521120071411133,0,0.6666666666666666,0.0,struct
438,14,0,0.25303424786225065,1.886212621416364,0,0.3333333333333333,0.25,struct
438,14,1,0.29873178635946424,-4.877383646089584,1,0.5,0.0,struct
50,15,0,0.2975256905579196,-1.881933641061188,1,0.4,0.0,struct
50,15,1,0.32487345062799206,1.744511961936951,0,0.25,0.0,struct
50,15,2,0.29844328392041247,4.7713705698649065,0,0.3333333333333333,0.25,struct
50,15,3,0.21870462945171595,4.7878828048706055,0,1.0,0.875,floor
34,16,0,0.3566880679676686,6.563263893127441,0,0.5,0.0,struct
34,16,1,0.32370176446741816,-3.7599597652442753,1,0.4285714285714285,0.125,struct
34,16,2,0.3313906411134961,41.56782812004288,0,0.2857142857142857,0.0,struct
402,17,0,0.301249174665529,4.451103846232094,0,0.7142857142857143,0.125,struct
402,17,1,0.2957726753393343,13.396512031555176,0,0.8333333333333334,0.0,struct
402,17,2,0.3137067486935097,-11.403155086934568,1,0.8,0.0,struct
433,18,0,0.32007688334131335,3.213232040405273,0,0.625,0.0,struct
433,18,1,0.3237688690599193,6.521408081054688,0,0.25,0.0,floor
433,18,2,0.2762852836338088,-1.9946960850308333,1,0.4285714285714285,0.125,struct
433,18,3,0.18957152774562816,6.5602240562438965,0,0.6666666666666666,0.625,struct
32,19,0,0.27448801039369264,3.51582407951355,0,0.875,0.0,struct
32,19,1,0.2300359596010192,4.3361066182454415,0,0.7142857142857143,0.125,struct
32,19,2,0.2627112867713014,4.630864143371582,0,0.4,0.0,struct
32,19,3,0.2563624335996198,4.379263877868652,0,0.5714285714285714,0.0,struct
32,19,4,0.2517737336080694,4.718229293823242,0,0.6666666666666666,0.0,struct
32,19,5,0.26597431125825766,-1.307843056196969,1,0.3333333333333333,0.0,struct
32,19,6,0.20959016251222554,-14.335541237611324,1,0.6666666666666666,0.25,struct
423,20,0,0.27181813051494474,6.584559917449951,0,0.5,0.0,struct
423,20,1,0.3001484528417274,1.701740026473999,0,0.5,0.0,struct
423,20,2,0.3106380560814153,2.6623253822326696,0,0.2857142857142857,0.125,struct
423,20,3,0.23850038438418708,7.551936149597168,0,0.3333333333333333,0.625,floor
228,21,0,0.27199044825960994,13.072064399719238,0,0.6,0.375,struct
228,21,1,0.2741024048644505,7.54099178314209,0,0.6666666666666666,0.25,struct
228,21,2,0.304220832595328,15.179776191711426,0,0.75,0.0,struct
228,21,3,0.21568493132168845,-2.877384906368597,1,0.75,0.5,struct
228,21,4,0.21664658340226514,15.199935913085938,0,0.75,0.5,struct
228,21,5,0.29406987252375866,15.171711921691896,0,0.8571428571428571,0.0,struct
228,21,6,0.29761431263866084,-49.94395460933447,1,0.75,0.0,struct
36,22,0,0.18363101342614832,6.514527797698975,0,1.0,0.75,struct
36,22,1,0.30552076792124744,6.574639797210693,0,0.125,0.0,floor
36,22,2,0.3056882915997973,4.790154774983726,0,0.25,0.0,floor
478,23,0,0.25412651782685,6.7678399085998535,0,0.25,0.5,floor
478,23,1,0.36561538348094247,-4.850029528761901,1,0.8571428571428571,0.0,struct
478,23,2,0.266891474506246,14.03708839416504,0,0.5,0.5,struct
478,23,3,0.2840189620760368,14.305824279785156,0,0.4,0.375,struct
478,23,4,0.3415466565119486,7.266464233398437,0,0.75,0.0,struct
478,23,5,0.264065762553176,-22.491745454569656,1,0.8333333333333334,0.25,struct
478,23,6,0.2923138510100153,4.8135999043782505,0,0.8333333333333334,0.25,struct
478,23,7,0.1824257085989302,14.703455924987791,0,1.0,0.75,struct
268,24,0,0.31788506662671095,6.532383918762207,0,0.375,0.0,struct
29,25,0,0.3232697169323614,3.2690799236297607,0,0.875,0.0,struct
29,25,1,0.23204406254869087,2.2260212898254395,0,0.8,0.375,struct
29,25,2,0.325433507802055,2.6843648910522475,0,0.4,0.0,struct
29,25,3,0.299993742546193,1.6732319593429563,0,0.125,0.0,floor
303,26,0,0.27154556071437946,6.53707218170166,0,0.3333333333333333,0.25,struct
303,26,1,0.30121090672528483,13.616031646728516,0,0.6666666666666666,0.25,struct
303,26,2,0.2962602865890307,3.500272035598755,0,0.6666666666666666,0.25,struct
303,26,3,0.24182702881663712,3.6799280643463135,0,0.5,0.5,struct
303,26,4,0.3720260055243203,-25.07082954396804,1,0.6666666666666666,0.0,struct
303,26,5,0.34208340689273226,16.1265926361084,0,0.7142857142857143,0.125,struct
401,27,0,0.20728178265533875,4.476352055867515,0,0.6666666666666666,0.625,struct
401,27,1,0.33329453047017277,-2.073408582203445,1,0.4285714285714285,0.125,struct
401,27,2,0.31170248587405813,-5.6923177059118935,1,0.6666666666666666,0.25,struct
401,27,3,0.33340683161785467,5.010069211324051,0,0.1428571428571428,0.0,floor
401,27,4,0.34635302781118743,15.175007820129396,0,0.8571428571428571,0.0,struct
401,27,5,0.20437000763377672,7.585184097290039,0,0.5,0.75,floor
401,27,6,0.29059225323051135,7.586175918579102,0,0.8,0.375,struct
401,27,7,0.3633421190651097,5.197823842366532,0,0.5714285714285714,0.0,struct
219,28,0,0.3427899845245157,-7.736228959821162,1,0.8571428571428571,0.125,struct
219,28,1,0.21903066735100737,7.6590399742126465,0,0.6666666666666666,0.625,struct
219,28,2,0.34421686850640937,15.955519676208496,0,0.7142857142857143,0.0,struct
219,28,3,0.33690789688256484,15.995424270629885,0,0.6666666666666666,0.0,struct
219,28,4,0.27194093536121033,8.190447807312012,0,0.6,0.375,struct
219,28,5,0.3354565413251184,-5.304065723504337,1,0.4285714285714285,0.125,struct
219,28,6,0.38351796232651353,8.31982421875,0,0.6666666666666666,0.0,struct
143,29,0,0.38026993912943374,4.484874725341793,0,0.5,0.0,struct
143,29,1,0.3609578454626347,6.820879936218262,0,0.6,0.0,struct
114,30,0,0.3444359887527267,-16.086973243703447,1,0.3333333333333333,0.0,floor
442,31,0,0.39117583682750406,13.069151878356934,0,0.6,0.0,struct
442,31,1,0.37516821365639963,-69.70728874951601,1,0.6666666666666666,0.0,struct
299,32,0,0.35711313920110255,-13.809606231394268,1,0.75,0.0,struct
299,32,1,0.3434192334669169,13.056447982788086,0,0.4,0.0,struct
299,32,2,0.36637646476712427,2.194741408030193,0,0.6666666666666666,0.0,struct
299,32,3,0.3538701915594224,15.162240028381348,0,0.75,0.0,struct
299,32,4,0.17228074305328153,2.252954641977947,0,0.3333333333333333,0.625,floor
299,32,5,0.3262675365225716,3.6975600719451904,0,0.6666666666666666,0.25,struct
299,32,6,0.3023442093252277,2.220276117324829,0,0.1666666666666666,0.25,floor
285,33,0,0.4823482263265281,13.628704071044922,0,0.8333333333333334,0.0,struct
285,33,1,0.21159589131651466,1.46473840566782,0,0.375,0.75,struct
285,33,3,0.45182450327329843,8.105775833129883,0,0.6666666666666666,0.0,struct
285,33,4,0.4713047380941482,16.132511138916016,0,0.8571428571428571,0.125,struct
285,33,5,0.4814996744246612,8.115615844726562,0,0.875,0.0,struct
136,34,0,0.3305404209809666,2.611129570007325,0,0.8333333333333334,0.25,struct
136,34,1,0.4213218020765351,14.10918426513672,0,0.7142857142857143,0.0,struct
136,34,2,0.34137297783293125,15.34115219116211,0,0.375,0.0,struct
136,34,3,0.4132531015589948,15.919872283935549,0,0.8571428571428571,0.0,struct
132,35,0,0.27102321331031193,1.6409319639205933,0,0.5,0.5,struct
132,35,1,0.30994908379012354,2.184005260467531,0,0.1428571428571428,0.125,floor
132,35,2,0.4509946505817241,-1.831168579123915,1,0.8571428571428571,0.0,struct
19,36,0,0.383890470747216,12.589173872334264,0,0.5714285714285714,0.0,struct
19,36,1,0.3602991251860033,-4.357614069245756,1,0.5,0.0,struct
19,36,2,0.22993010453962423,1.7073040008544922,0,0.1666666666666666,0.25,floor
19,36,3,0.2978097089849131,-1.2298773583689986,1,0.25,0.0,struct
19,36,4,0.28459643801366974,2.088342802865167,0,0.1428571428571428,0.0,floor
19,36,5,0.359837264215655,35.29593169751266,0,0.5,0.0,struct
19,36,6,0.2812412623783153,4.993013381958008,0,0.2857142857142857,0.125,struct
14,37,0,0.3320251622648423,3.339279890060425,0,0.4285714285714285,0.125,struct
14,37,1,0.3184173854182184,-3.485708369407803,1,0.5,0.25,struct
14,37,2,0.3255028329532177,6.886752128601074,0,0.8333333333333334,0.25,struct
14,37,3,0.4023376990340079,6.881728172302246,0,0.75,0.0,struct
14,37,4,0.35107666234371476,-1.8128126436578391,1,0.5,0.0,struct
274,38,0,0.2963772185824147,4.487018585205078,0,0.8333333333333334,0.25,struct
274,38,1,0.18231224668158255,4.586346626281738,0,0.5,0.5,struct
274,38,2,0.40047320923969554,13.844256401062012,0,0.75,0.0,struct
274,38,4,0.43490813961064956,2.3082079887390137,0,0.5714285714285714,0.0,struct
274,38,5,0.3867602170575194,14.135199546813965,0,0.8,0.375,struct
20,39,1,0.39895441868922366,4.7090667088826486,0,0.2857142857142857,0.0,struct
328,40,0,0.45663056193660084,4.390666643778484,0,0.8,0.0,struct
328,40,2,0.2936784134003472,7.858335971832275,0,0.1666666666666666,0.25,floor
328,40,3,0.3127126193155092,14.023327827453612,0,0.6666666666666666,0.25,struct
328,40,4,0.34496581327975145,14.32851219177246,0,0.8333333333333334,0.25,struct
328,40,5,0.3535675601276115,7.153823852539063,0,0.6666666666666666,0.25,struct
328,40,6,0.42158152477724126,7.53547191619873,0,0.8571428571428571,0.125,struct
278,41,0,0.3889588402965381,6.42848014831543,0,0.7142857142857143,0.125,struct
278,41,1,0.440083974058815,-3.826000146878261,1,0.8571428571428571,0.0,struct
278,41,2,0.3702361761632402,13.617759704589844,0,0.8571428571428571,0.125,struct
278,41,3,0.3987244576601513,7.173183917999268,0,0.8571428571428571,0.125,struct
156,42,0,0.43111871335387747,68.25486591644585,0,0.875,0.0,struct
156,42,1,0.3897961220050359,6.896912097930908,0,0.8571428571428571,0.125,struct
156,42,2,0.21208051668761949,1.7365399599075315,0,0.5,0.5,struct
156,42,4,0.15348840349492063,1.2436106999715155,0,0.2857142857142857,0.5625,struct
156,42,5,0.39104757372636856,7.807392120361328,0,0.875,0.0,struct
156,42,6,0.35742705940450625,5.311552047729492,0,0.7142857142857143,0.0,struct
383,43,0,0.3173991018380029,4.358357429504398,0,0.5,0.0,struct
383,43,1,0.2925175894076255,-1.790110702440142,1,0.4,0.0,struct
383,43,2,0.21424356152593693,13.037887573242188,0,0.8,0.375,struct
383,43,3,0.21057450343297432,1.9291794640677316,0,0.5,0.25,struct
383,43,4,0.3161451756587127,14.62665557861328,0,0.5,0.0,struct
407,44,0,0.2155017130884331,3.266511917114258,0,0.4,0.375,struct
407,44,1,0.22736543093546507,1.67139995098114,0,0.75,0.5,struct
488,45,0,0.40423218245847536,-2.6437279752322613,1,0.7142857142857143,0.0,struct
488,45,1,0.3359469939743125,25.62686431904634,0,0.8333333333333334,0.25,struct
316,46,0,0.25077788551581726,1.639631986618042,0,0.2857142857142857,0.125,struct
316,46,1,0.3786512254162524,56.8399210870266,0,0.5,0.0,floor
316,46,2,0.31703289060516504,3.3878159523010254,0,0.25,0.0,floor
316,46,3,0.40395459629761016,13.596991539001465,0,0.6666666666666666,0.0,struct
392,47,0,0.20898250836448817,4.5442988077799455,0,0.4,0.375,struct
392,47,1,0.3705936984745979,4.659392038981117,0,0.8333333333333334,0.0,struct
392,47,2,0.1045988608953599,6.878335952758789,0,0.5,0.75,floor
392,47,3,0.33356364839751346,2.7596992492675767,0,0.8333333333333334,0.25,struct
392,47,4,0.29574428048927315,7.176015853881836,0,0.2857142857142857,0.125,struct
392,47,6,0.25664627095355164,15.640512466430664,0,1.0,0.75,struct
392,47,7,0.18862628833757306,3.940608024597168,0,0.6666666666666666,0.625,struct
392,47,8,0.267694944264918,3.0006912231445284,0,0.4,0.375,struct
392,47,9,0.26851463649549173,7.573247909545898,0,0.6,0.375,struct
392,47,10,0.4962133676732526,7.75977611541748,0,0.875,0.0,struct
392,47,11,0.39907123290574315,15.393728256225586,0,0.5,0.0,struct
392,47,12,0.11099705526762342,1.5611904144287116,0,0.4,0.6875,struct
297,48,0,0.21508263884131207,2.178352038065592,0,0.5,0.25,struct
297,48,1,0.2546154967685499,1.870258331298828,0,0.5714285714285714,0.125,struct
297,48,2,0.26861032451916844,6.584959983825684,0,0.5,0.0,struct
297,48,3,0.28417327418407,2.249813397725422,0,0.375,0.0,struct
297,48,4,0.1757867316648289,6.88267183303833,0,0.75,0.5,struct
297,48,5,0.15682580125187492,6.926271915435791,0,0.75,0.5,struct
297,48,6,0.19129957851552382,13.99459171295166,0,0.6,0.375,struct
297,48,7,0.2687248347666335,-8.293027647903987,1,0.2857142857142857,0.0,struct
251,49,0,0.17931798118300987,2.189738591512043,0,0.3333333333333333,0.25,struct
251,49,1,0.26317831045869683,13.208352088928224,0,0.5,0.0,struct
251,49,2,0.28389622571564693,6.58081579208374,0,0.8571428571428571,0.0,struct
251,49,3,0.13114675350550156,13.352288246154783,0,0.5,0.5,struct
251,49,4,0.2885650651192329,13.787487983703612,0,0.875,0.0,struct
251,49,5,0.11070581110822533,13.56009578704834,0,0.6666666666666666,0.625,struct
251,49,6,0.2628068959321251,6.856815814971924,0,0.8571428571428571,0.125,struct
251,49,7,0.15616446963758632,-3.833647578023374,1,0.8,0.375,struct
251,49,8,0.23172544193112016,7.02129602432251,0,0.25,0.0,struct
251,49,9,0.08443654711359028,3.6063199043273926,0,0.5,0.625,struct
251,49,10,0.2465751286253508,3.6679999828338623,0,0.7142857142857143,0.125,struct
251,49,11,0.2459719821726279,14.831583976745604,0,0.375,0.0,struct
